<?xml version='1.0' encoding='utf-8'?>
<!DOCTYPE hibernate-configuration PUBLIC
    "-//Hibernate/Hibernate Configuration DTD//EN"
    "http://www.hibernate.org/dtd/hibernate-configuration-3.0.dtd">
<hibernate-configuration>
  <session-factory>
<!--    <property name="connection.url"/>-->
<!--    <property name="connection.driver_class"/>-->
    <!-- <property name="connection.username"/> -->
    <!-- <property name="connection.password"/> -->
    <property name="hibernate.connection.driver_class">com.mysql.cj.jdbc.Driver</property>
    <property name="hibernate.connection.url">jdbc:mysql://localhost:3306/library_management</property>
    <!--    <property name="javaFX.connection.url">WARNING: Loading FXML document with JavaFX API of version 20.0.1 by JavaFX runtime of version 8.0.271-->
    <!--    </property>-->
    <property name="hibernate.connection.username">root</property>
    <property name="hibernate.connection.password">ijse@2001</property>
    <property name="hibernate.show_sql">true</property>
    <property name="hibernate.hbm2ddl.auto">update</property>
    <property name="hibernate.dialect">org.hibernate.dialect.MySQL5Dialect</property>
    <!-- DB schema will be updated if needed -->
    <!-- <property name="hibernate.hbm2ddl.auto">update</property> -->
    <!-- DB schema will be updated if needed -->
    <!-- <property name="hibernate.hbm2ddl.auto">update</property> -->
  </session-factory>
</hibernate-configuration>